Region,Crop,Optimal_N,Optimal_P,Optimal_K,Optimal_pH,Expected_Yield_ha,Optimal_Rainfall,Soil_Type,Notes
Batken,Apricot,60,30,280,7.5,12.0,300,Brown-Soil,Improved sweetness
Batken,Cotton,70,45,240,7.75,3.0,350,Light-Serozem,Heat-loving crop
Batken,Grapes,50,30,180,7.4,7.0,400,Brown-Soil,Moderate yield
Batken,Wheat,70,40,220,7.15,2.5,350,Serozem,Low rainfall limits yield
Chuy,Apple,80,40,300,6.75,45.0,550,Brown-Soil,Intensive orchards
Chuy,Maize,100,50,250,6.9,7.0,500,Serozem,High nitrogen demand
Chuy,Potato,90,50,330,6.25,17.0,480,Mountain-Meadow,High starch yield
Chuy,Wheat,70,40,220,7.15,2.6,450,Serozem,Common grain crop
Issyk-Kul,Apple,80,40,300,6.75,50.0,520,Brown-Soil,High sugar content
Issyk-Kul,Potato,90,50,330,6.25,17.0,470,Mountain-Meadow,High starch yield
Issyk-Kul,Wheat,70,40,220,7.15,2.5,420,Serozem,Common grain crop
Jalal-Abad,Apricot,60,30,280,7.5,12.0,320,Brown-Soil,Improved sweetness
Jalal-Abad,Cotton,70,45,240,7.75,3.0,360,Light-Serozem,Heat-loving crop
Jalal-Abad,Rice,110,50,150,6.4,4.0,650,Meadow-Marsh,Flooded fields
Jalal-Abad,Grapes,50,30,180,7.4,8.0,410,Brown-Soil,Moderate yield
Naryn,Barley,50,30,180,7.0,2.2,380,Mountain-Meadow,Cold resistant
Naryn,Potato,90,50,330,6.25,16.5,460,Mountain-Meadow,High starch yield
Osh,Cotton,70,45,240,7.75,3.0,370,Light-Serozem,Needs phosphorus for fiber
Osh,Maize,100,50,250,6.9,6.8,510,Serozem,Average yields
Osh,Rice,110,50,150,6.4,4.0,660,Meadow-Marsh,High nitrogen demand
Osh,Wheat,70,40,220,7.15,2.5,430,Serozem,Common grain crop
Talas,Barley,50,30,180,7.0,2.5,390,Chestnut,Cold resistant
Talas,Potato,90,50,330,6.25,17.0,475,Mountain-Meadow,High starch yield